,timestamp,page_views,ad_spend,is_weekend,day_of_week,is_holiday
0,1/1/2022,1165.962767,194.9014246,TRUE,Saturday,TRUE
1,1/2/2022,1191.485835,175.852071,TRUE,Sunday,FALSE
2,1/3/2022,1266.928269,269.4306561,FALSE,Monday,FALSE
3,1/4/2022,1364.193858,295.6908957,FALSE,Tuesday,FALSE
4,1/5/2022,1013.28252,242.9753988,FALSE,Wednesday,FALSE
5,1/6/2022,996.316889,242.9758913,FALSE,Thursday,FALSE
6,1/7/2022,1105.347391,297.3763845,FALSE,Friday,FALSE
7,1/8/2022,1202.57475,203.0230419,TRUE,Saturday,FALSE
8,1/9/2022,1333.75797,165.9157684,TRUE,Sunday,FALSE
9,1/10/2022,1424.614518,266.2768013,FALSE,Monday,FALSE
10,1/11/2022,1425.29907,236.0974692,FALSE,Tuesday,FALSE
11,1/12/2022,1035.02241,236.0281074,FALSE,Wednesday,FALSE
12,1/13/2022,1010.145995,257.2588681,FALSE,Thursday,FALSE
13,1/14/2022,1101.034405,192.6015927,FALSE,Friday,FALSE
14,1/15/2022,1264.154526,128.252465,TRUE,Saturday,FALSE
15,1/16/2022,1442.178275,163.1313741,TRUE,Sunday,FALSE
16,1/17/2022,1400.530269,219.6150664,FALSE,Monday,FALSE
17,1/18/2022,1113.556168,259.42742,FALSE,Tuesday,FALSE
18,1/19/2022,1185.419407,222.7592777,FALSE,Wednesday,FALSE
19,1/20/2022,891.0840707,207.630889,FALSE,Thursday,FALSE
20,1/21/2022,1071.865155,293.9694631,FALSE,Friday,FALSE
21,1/22/2022,1124.023577,173.226711,TRUE,Saturday,FALSE
22,1/23/2022,1328.859276,182.0258461,TRUE,Sunday,FALSE
23,1/24/2022,1453.038247,207.2575544,FALSE,Monday,FALSE
24,1/25/2022,1274.104397,233.6685183,FALSE,Tuesday,FALSE
25,1/26/2022,1116.176621,253.3276777,FALSE,Wednesday,FALSE
26,1/27/2022,1120.738845,215.4701927,FALSE,Thursday,FALSE
27,1/28/2022,1084.66652,261.2709406,FALSE,Friday,FALSE
28,1/29/2022,1199.275724,161.9808393,TRUE,Saturday,FALSE
29,1/30/2022,1431.835984,171.2491875,TRUE,Sunday,FALSE
30,1/31/2022,1518.201149,231.9488016,FALSE,Monday,FALSE
31,2/1/2022,1159.272122,305.5683455,FALSE,Tuesday,FALSE
32,2/2/2022,1139.485326,249.5950833,FALSE,Wednesday,FALSE
33,2/3/2022,1078.187624,218.2686721,FALSE,Thursday,FALSE
34,2/4/2022,1083.253345,274.6763474,FALSE,Friday,FALSE
35,2/5/2022,1342.054547,143.3746905,TRUE,Saturday,FALSE
36,2/6/2022,1359.70445,186.2659079,TRUE,Sunday,FALSE
37,2/7/2022,1456.342139,191.2098963,FALSE,Monday,FALSE
38,2/8/2022,1247.56606,210.1544185,FALSE,Tuesday,FALSE
39,2/9/2022,1116.926946,255.9058371,FALSE,Wednesday,FALSE
40,2/10/2022,924.8053228,272.1539974,FALSE,Thursday,FALSE
41,2/11/2022,949.339578,255.1410484,FALSE,Friday,FALSE
42,2/12/2022,1377.952301,176.5305515,TRUE,Saturday,FALSE
43,2/13/2022,1350.761674,170.9668891,TRUE,Sunday,FALSE
44,2/14/2022,1369.610219,205.6443403,FALSE,Monday,FALSE
45,2/15/2022,1123.246415,228.4046737,FALSE,Tuesday,FALSE
46,2/16/2022,1069.459414,236.1808369,FALSE,Wednesday,FALSE
47,2/17/2022,929.2561416,281.7136668,FALSE,Thursday,FALSE
48,2/18/2022,1220.647916,260.3085487,FALSE,Friday,FALSE
49,2/19/2022,1332.990165,127.1087953,TRUE,Saturday,FALSE
50,2/20/2022,1382.70273,189.7225191,TRUE,Sunday,FALSE
51,2/21/2022,1645.567333,238.4475316,FALSE,Monday,FALSE
52,2/22/2022,1357.603717,229.69234,FALSE,Tuesday,FALSE
53,2/23/2022,1118.88628,268.3502887,FALSE,Wednesday,FALSE
54,2/24/2022,867.7186429,280.9299857,FALSE,Thursday,FALSE
55,2/25/2022,1286.061068,277.9384036,FALSE,Friday,FALSE
56,2/26/2022,1172.905273,154.8234743,TRUE,Saturday,FALSE
57,2/27/2022,1318.053286,170.7236287,TRUE,Sunday,FALSE
58,2/28/2022,1569.990529,259.9379029,FALSE,Monday,FALSE
59,3/1/2022,1502.937757,279.2663538,FALSE,Tuesday,FALSE
60,3/2/2022,1256.111267,235.6247729,FALSE,Wednesday,FALSE
61,3/3/2022,1137.401734,244.4302307,FALSE,Thursday,FALSE
62,3/4/2022,1191.659837,216.8099508,FALSE,Friday,FALSE
63,3/5/2022,1344.082257,144.1138013,TRUE,Saturday,FALSE
64,3/6/2022,1499.694848,204.3757747,TRUE,Sunday,FALSE
65,3/7/2022,1485.018538,290.6872009,FALSE,Monday,FALSE
66,3/8/2022,1320.501676,247.8396964,FALSE,Tuesday,FALSE
67,3/9/2022,1171.203837,280.1059869,FALSE,Wednesday,FALSE
68,3/10/2022,1060.887065,260.8490808,FALSE,Thursday,FALSE
69,3/11/2022,1113.048642,230.6464074,FALSE,Friday,FALSE
70,3/12/2022,1177.152322,190.8418682,TRUE,Saturday,FALSE
71,3/13/2022,1450.866327,226.141097,TRUE,Sunday,FALSE
72,3/14/2022,1401.448517,248.9252188,FALSE,Monday,FALSE
73,3/15/2022,1261.433708,296.9393097,FALSE,Tuesday,FALSE
74,3/16/2022,1212.986852,171.4076469,FALSE,Wednesday,FALSE
75,3/17/2022,1216.637231,274.6570751,FALSE,Thursday,FALSE
76,3/18/2022,1247.361726,252.611412,FALSE,Friday,FALSE
77,3/19/2022,1130.46664,171.0297795,TRUE,Saturday,FALSE
78,3/20/2022,1396.386638,182.7528233,TRUE,Sunday,FALSE
79,3/21/2022,1577.315854,190.3729326,FALSE,Monday,FALSE
80,3/22/2022,1267.37376,243.4098434,FALSE,Tuesday,FALSE
81,3/23/2022,1162.529758,260.7133771,FALSE,Wednesday,FALSE
82,3/24/2022,1121.885965,294.3368213,FALSE,Thursday,FALSE
83,3/25/2022,1071.844572,234.4518935,FALSE,Friday,FALSE
84,3/26/2022,1325.450151,155.7451919,TRUE,Saturday,FALSE
85,3/27/2022,1387.768597,164.9472887,TRUE,Sunday,FALSE
86,3/28/2022,1449.970257,277.4620635,FALSE,Monday,FALSE
87,3/29/2022,1369.100559,259.8625333,FALSE,Tuesday,FALSE
88,3/30/2022,1048.887906,234.1071939,FALSE,Wednesday,FALSE
89,3/31/2022,1171.677467,265.398023,FALSE,Thursday,FALSE
90,4/1/2022,1163.710474,252.9123265,FALSE,Friday,FALSE
91,4/2/2022,1351.146605,209.0593497,TRUE,Saturday,FALSE
92,4/3/2022,1500.724519,158.9384072,TRUE,Sunday,FALSE
93,4/4/2022,1623.764046,240.1701356,FALSE,Monday,FALSE
94,4/5/2022,1390.794089,238.2367554,FALSE,Tuesday,FALSE
95,4/6/2022,1143.431962,206.0945516,FALSE,Wednesday,FALSE
96,4/7/2022,1128.703176,258.8836083,FALSE,Thursday,FALSE
97,4/8/2022,1200.41771,257.8316582,FALSE,Friday,FALSE
98,4/9/2022,1298.489395,180.1534037,TRUE,Saturday,FALSE
99,4/10/2022,1486.38397,172.962386,TRUE,Sunday,FALSE
100,4/11/2022,1465.452362,207.5388777,FALSE,Monday,FALSE
101,4/12/2022,1314.221486,237.3806403,FALSE,Tuesday,FALSE
102,4/13/2022,1077.605465,239.7185645,FALSE,Wednesday,FALSE
103,4/14/2022,1242.716394,225.9316819,FALSE,Thursday,FALSE
104,4/15/2022,1060.135819,245.1614287,FALSE,Friday,FALSE
105,4/16/2022,1262.322871,192.1215257,TRUE,Saturday,FALSE
106,4/17/2022,1408.689425,236.585577,TRUE,Sunday,FALSE
107,4/18/2022,1588.196961,255.2373344,FALSE,Monday,FALSE
108,4/19/2022,1353.22958,257.7265117,FALSE,Tuesday,FALSE
109,4/20/2022,1329.996767,247.7666225,FALSE,Wednesday,FALSE
110,4/21/2022,1079.479023,192.4368635,FALSE,Thursday,FALSE
111,4/22/2022,1195.961148,249.2045837,FALSE,Friday,FALSE
112,4/23/2022,1257.346828,181.8069063,TRUE,Saturday,FALSE
113,4/24/2022,1619.069816,253.8972634,TRUE,Sunday,FALSE
114,4/25/2022,1425.217203,244.2291711,FALSE,Monday,FALSE
115,4/26/2022,1396.423176,259.0464203,FALSE,Tuesday,FALSE
116,4/27/2022,1292.073082,248.9586469,FALSE,Wednesday,FALSE
117,4/28/2022,1160.47088,214.9396589,FALSE,Thursday,FALSE
118,4/29/2022,1160.032518,284.2846844,FALSE,Friday,FALSE
119,4/30/2022,1314.735904,202.557991,TRUE,Saturday,FALSE
120,5/1/2022,1464.507463,203.7309584,TRUE,Sunday,FALSE
121,5/2/2022,1529.368691,222.7183764,FALSE,Monday,FALSE
122,5/3/2022,1460.868505,292.0838293,FALSE,Tuesday,FALSE
123,5/4/2022,1387.598898,207.9444681,FALSE,Wednesday,FALSE
124,5/5/2022,1069.164614,267.6057128,FALSE,Thursday,FALSE
125,5/6/2022,1084.216512,606.0760259,FALSE,Friday,FALSE
126,5/7/2022,1292.394331,440.6462673,TRUE,Saturday,FALSE
127,5/8/2022,1697.745664,453.3734252,TRUE,Sunday,FALSE
128,5/9/2022,1668.501209,543.351898,FALSE,Monday,FALSE
129,5/10/2022,1656.158714,525.2580875,FALSE,Tuesday,FALSE
130,5/11/2022,1493.005527,493.8424542,FALSE,Wednesday,FALSE
131,5/12/2022,1259.934664,542.4192463,FALSE,Thursday,FALSE
132,5/13/2022,1377.13442,218.1308886,FALSE,Friday,FALSE
133,5/14/2022,1599.012835,194.2077729,TRUE,Saturday,FALSE
134,5/15/2022,1623.509369,152.417273,TRUE,Sunday,FALSE
135,5/16/2022,1481.163579,296.4980322,FALSE,Monday,FALSE
136,5/17/2022,1327.89536,226.5024012,FALSE,Tuesday,FALSE
137,5/18/2022,1094.142763,240.3381545,FALSE,Wednesday,FALSE
138,5/19/2022,1101.121074,274.4055165,FALSE,Thursday,FALSE
139,5/20/2022,1051.249775,213.0740705,FALSE,Friday,FALSE
140,5/21/2022,1316.019062,186.823798,TRUE,Saturday,FALSE
141,5/22/2022,1427.941082,219.2142826,TRUE,Sunday,FALSE
142,5/23/2022,1509.482661,201.775503,FALSE,Monday,FALSE
143,5/24/2022,1241.750542,255.5390158,FALSE,Tuesday,FALSE
144,5/25/2022,1237.95618,257.7964838,FALSE,Wednesday,FALSE
145,5/26/2022,1158.860516,273.4546862,FALSE,Thursday,FALSE
146,5/27/2022,1002.903453,212.8914787,FALSE,Friday,FALSE
147,5/28/2022,1349.376903,140.3863016,TRUE,Saturday,FALSE
148,5/29/2022,1582.739408,195.658247,TRUE,Sunday,FALSE
149,5/30/2022,1389.331679,258.9095402,FALSE,Monday,FALSE
150,5/31/2022,1467.476366,363.5095035,FALSE,Tuesday,FALSE
151,6/1/2022,1226.065595,366.3881643,FALSE,Wednesday,FALSE
152,6/2/2022,1065.133603,335.5939763,FALSE,Thursday,FALSE
153,6/3/2022,1217.685972,362.9623289,FALSE,Friday,FALSE
154,6/4/2022,1424.126418,294.7868922,TRUE,Saturday,FALSE
155,6/5/2022,1522.635792,264.5641754,TRUE,Sunday,FALSE
156,6/6/2022,1613.88794,411.9679533,FALSE,Monday,FALSE
157,6/7/2022,1347.198226,264.2149876,FALSE,Tuesday,FALSE
158,6/8/2022,1241.880009,214.2608951,FALSE,Wednesday,FALSE
159,6/9/2022,1094.621441,269.6966083,FALSE,Thursday,FALSE
160,6/10/2022,1147.930385,220.7595499,FALSE,Friday,FALSE
161,6/11/2022,1210.04087,203.6125381,TRUE,Saturday,FALSE
162,6/12/2022,1412.259262,214.7578674,TRUE,Sunday,FALSE
163,6/13/2022,1578.356373,225.3795304,FALSE,Monday,FALSE
164,6/14/2022,1447.377136,278.9012839,FALSE,Tuesday,FALSE
165,6/15/2022,1241.028249,262.3834278,FALSE,Wednesday,FALSE
166,6/16/2022,1002.158721,274.6618048,FALSE,Thursday,FALSE
167,6/17/2022,1134.03748,306.9037895,FALSE,Friday,FALSE
168,6/18/2022,1401.919817,172.6383565,TRUE,Saturday,FALSE
169,6/19/2022,1479.001619,157.3879151,TRUE,Sunday,FALSE
170,6/20/2022,1710.227224,223.3145671,FALSE,Monday,FALSE
171,6/21/2022,1366.423985,225.5256915,FALSE,Tuesday,FALSE
172,6/22/2022,1166.65869,247.6869487,FALSE,Wednesday,FALSE
173,6/23/2022,1056.947236,260.2345592,FALSE,Thursday,FALSE
174,6/24/2022,1131.335598,258.300724,FALSE,Friday,FALSE
175,6/25/2022,1277.143281,204.8154975,TRUE,Saturday,FALSE
176,6/26/2022,1508.906102,180.3900568,TRUE,Sunday,FALSE
177,6/27/2022,1565.270946,293.6060223,FALSE,Monday,FALSE
178,6/28/2022,1284.571199,242.060295,FALSE,Tuesday,FALSE
179,6/29/2022,1051.756233,331.605075,FALSE,Wednesday,FALSE
180,6/30/2022,970.0906737,268.7700204,FALSE,Thursday,FALSE
181,7/1/2022,1164.328474,224.2852733,FALSE,Friday,FALSE
182,7/2/2022,1244.522453,297.8732251,TRUE,Saturday,FALSE
183,7/3/2022,1278.234992,344.4741725,TRUE,Sunday,FALSE
184,7/4/2022,1492.490415,393.2961164,FALSE,Monday,TRUE
185,7/5/2022,1595.798238,421.4200148,FALSE,Tuesday,FALSE
186,7/6/2022,1249.291166,264.1971287,FALSE,Wednesday,FALSE
187,7/7/2022,1236.953706,247.8151326,FALSE,Thursday,FALSE
188,7/8/2022,1230.929984,224.5961885,FALSE,Friday,FALSE
189,7/9/2022,1277.523396,134.5545833,TRUE,Saturday,FALSE
190,7/10/2022,1504.519462,166.6045514,TRUE,Sunday,FALSE
191,7/11/2022,1431.484791,275.6919638,FALSE,Monday,FALSE
192,7/12/2022,1312.894154,256.4228123,FALSE,Tuesday,FALSE
193,7/13/2022,1161.949715,212.6278366,FALSE,Wednesday,FALSE
194,7/14/2022,1039.05023,255.1954278,FALSE,Thursday,FALSE
195,7/15/2022,1197.964441,261.5595214,FALSE,Friday,FALSE
196,7/16/2022,1233.745701,153.4842769,TRUE,Saturday,FALSE
197,7/17/2022,1368.248663,184.6117532,TRUE,Sunday,FALSE
198,7/18/2022,1513.133068,251.7462616,FALSE,Monday,FALSE
199,7/19/2022,1224.354936,215.7108911,FALSE,Tuesday,FALSE
200,7/20/2022,1142.692236,260.7336208,FALSE,Wednesday,FALSE
201,7/21/2022,1070.871266,266.8235358,FALSE,Thursday,FALSE
202,7/22/2022,1174.570944,282.4915373,FALSE,Friday,FALSE
203,7/23/2022,1308.165302,211.6140616,TRUE,Saturday,FALSE
204,7/24/2022,1427.327984,138.669919,TRUE,Sunday,FALSE
205,7/25/2022,1541.902702,221.8652488,FALSE,Monday,FALSE
206,7/26/2022,1436.105044,265.451058,FALSE,Tuesday,FALSE
207,7/27/2022,1151.347309,265.4135785,FALSE,Wednesday,FALSE
208,7/28/2022,1048.425213,265.4514306,FALSE,Thursday,FALSE
209,7/29/2022,1006.599625,365.5819447,FALSE,Friday,FALSE
210,7/30/2022,1181.873042,197.1267153,TRUE,Saturday,FALSE
211,7/31/2022,1398.258479,214.0669692,TRUE,Sunday,FALSE
212,8/1/2022,1471.832347,278.6200529,FALSE,Monday,FALSE
213,8/2/2022,1295.58733,269.5417375,FALSE,Tuesday,FALSE
214,8/3/2022,1150.936221,240.5419227,FALSE,Wednesday,FALSE
215,8/4/2022,1118.56649,272.7690766,FALSE,Thursday,FALSE
216,8/5/2022,1103.003019,226.8152436,FALSE,Friday,FALSE
217,8/6/2022,1285.825172,172.8954418,TRUE,Saturday,FALSE
218,8/7/2022,1427.077875,165.4390936,TRUE,Sunday,FALSE
219,8/8/2022,1274.258878,252.4562242,FALSE,Monday,FALSE
220,8/9/2022,1215.935369,319.439757,FALSE,Tuesday,FALSE
221,8/10/2022,1100.892431,193.9820442,FALSE,Wednesday,FALSE
222,8/11/2022,959.028072,270.5878057,FALSE,Thursday,FALSE
223,8/12/2022,1182.008759,201.6185239,FALSE,Friday,FALSE
224,8/13/2022,1336.986625,165.842044,TRUE,Saturday,FALSE
225,8/14/2022,1513.797103,212.6685179,TRUE,Sunday,FALSE
226,8/15/2022,1395.918081,251.9284006,FALSE,Monday,FALSE
227,8/16/2022,1402.056691,217.6676567,FALSE,Tuesday,FALSE
228,8/17/2022,1148.734741,228.5408887,FALSE,Wednesday,FALSE
229,8/18/2022,1024.742825,270.3879325,FALSE,Thursday,FALSE
230,8/19/2022,1020.242859,228.089001,FALSE,Friday,FALSE
231,8/20/2022,1207.571881,186.4937577,TRUE,Saturday,FALSE
232,8/21/2022,1381.775945,181.3671552,TRUE,Sunday,FALSE
233,8/22/2022,1439.31173,230.4519896,FALSE,Monday,FALSE
234,8/23/2022,1304.989421,314.3183227,FALSE,Tuesday,FALSE
235,8/24/2022,1115.411739,269.0175707,FALSE,Wednesday,FALSE
236,8/25/2022,1071.04247,189.2457224,FALSE,Thursday,FALSE
237,8/26/2022,1219.979089,255.5936294,FALSE,Friday,FALSE
238,8/27/2022,1329.602347,160.1464061,TRUE,Saturday,FALSE
239,8/28/2022,1243.098345,205.573,TRUE,Sunday,FALSE
240,8/29/2022,1235.777987,226.2243778,FALSE,Monday,FALSE
241,8/30/2022,1349.158338,539.581646,FALSE,Tuesday,FALSE
242,8/31/2022,1018.588192,558.1733577,FALSE,Wednesday,FALSE
243,9/1/2022,1013.987846,568.9963951,FALSE,Thursday,FALSE
244,9/2/2022,1164.867857,507.0148471,FALSE,Friday,FALSE
245,9/3/2022,1281.739793,462.9887022,TRUE,Saturday,FALSE
246,9/4/2022,1632.001447,458.77538,TRUE,Sunday,FALSE
247,9/5/2022,1650.799595,523.4238623,FALSE,Monday,FALSE
248,9/6/2022,1409.300771,302.9636272,FALSE,Tuesday,FALSE
249,9/7/2022,1072.062442,262.1494513,FALSE,Wednesday,FALSE
250,9/8/2022,1166.259218,212.1734814,FALSE,Thursday,FALSE
251,9/9/2022,1147.706123,277.5358584,FALSE,Friday,FALSE
252,9/10/2022,1130.013941,243.6646859,TRUE,Saturday,FALSE
253,9/11/2022,1389.491227,210.9739578,TRUE,Sunday,FALSE
254,9/12/2022,1451.576971,204.418901,FALSE,Monday,FALSE
255,9/13/2022,1370.784091,235.4729778,FALSE,Tuesday,FALSE
256,9/14/2022,1141.03792,288.0073345,FALSE,Wednesday,FALSE
257,9/15/2022,941.7110183,228.769916,FALSE,Thursday,FALSE
258,9/16/2022,1172.789306,263.3145828,FALSE,Friday,FALSE
259,9/17/2022,1252.552001,203.2390216,TRUE,Saturday,FALSE
260,9/18/2022,1384.186401,152.1920859,TRUE,Sunday,FALSE
261,9/19/2022,1371.396772,248.2142393,FALSE,Monday,FALSE
262,9/20/2022,1266.711737,152.7619798,FALSE,Tuesday,FALSE
263,9/21/2022,1027.60775,219.2683708,FALSE,Wednesday,FALSE
264,9/22/2022,1034.389174,242.4229555,FALSE,Thursday,FALSE
265,9/23/2022,1166.967117,212.5665045,FALSE,Friday,FALSE
266,9/24/2022,1117.035424,228.9723391,TRUE,Saturday,FALSE
267,9/25/2022,1268.477966,137.0957587,TRUE,Sunday,FALSE
268,9/26/2022,1536.507667,236.7986654,FALSE,Monday,FALSE
269,9/27/2022,1304.278047,253.9222173,FALSE,Tuesday,FALSE
270,9/28/2022,1039.423446,293.2381987,FALSE,Wednesday,FALSE
271,9/29/2022,1128.388888,206.9241355,FALSE,Thursday,FALSE
272,9/30/2022,1046.304624,284.8949126,FALSE,Friday,FALSE
273,10/1/2022,1421.484085,180.3069918,TRUE,Saturday,FALSE
274,10/2/2022,1434.938422,150.5547405,TRUE,Sunday,FALSE
275,10/3/2022,1427.826009,263.8631042,FALSE,Monday,FALSE
276,10/4/2022,1469.264434,255.9717909,FALSE,Tuesday,FALSE
277,10/5/2022,1057.62979,231.9934937,FALSE,Wednesday,FALSE
278,10/6/2022,1126.072435,252.0940625,FALSE,Thursday,FALSE
279,10/7/2022,1125.403901,238.4405921,FALSE,Friday,FALSE
280,10/8/2022,1348.479819,183.4055204,TRUE,Saturday,FALSE
281,10/9/2022,1538.618212,199.8639202,TRUE,Sunday,FALSE
282,10/10/2022,1447.644417,297.5805045,FALSE,Monday,FALSE
283,10/11/2022,1244.569677,212.865535,FALSE,Tuesday,FALSE
284,10/12/2022,1178.980579,313.9910012,FALSE,Wednesday,FALSE
285,10/13/2022,1039.434022,191.437366,FALSE,Thursday,FALSE
286,10/14/2022,1243.588942,245.4464471,FALSE,Friday,FALSE
287,10/15/2022,1311.587747,197.6495162,TRUE,Saturday,FALSE
288,10/16/2022,1355.407559,188.429756,TRUE,Sunday,FALSE
289,10/17/2022,1471.595434,231.3190144,FALSE,Monday,FALSE
290,10/18/2022,1213.355522,243.7563325,FALSE,Tuesday,FALSE
291,10/19/2022,1065.53124,235.209972,FALSE,Wednesday,FALSE
292,10/20/2022,1158.066621,232.3190573,FALSE,Thursday,FALSE
293,10/21/2022,1056.840249,275.4880629,FALSE,Friday,FALSE
294,10/22/2022,1178.182019,190.7104646,TRUE,Saturday,FALSE
295,10/23/2022,1460.831342,159.2127121,TRUE,Sunday,FALSE
296,10/24/2022,1578.636292,276.9879963,FALSE,Monday,FALSE
297,10/25/2022,1383.608464,259.2189856,FALSE,Tuesday,FALSE
298,10/26/2022,1214.73879,274.3858636,FALSE,Wednesday,FALSE
299,10/27/2022,1038.409716,268.8888653,FALSE,Thursday,FALSE
300,10/28/2022,1014.635237,225.1301497,FALSE,Friday,FALSE
301,10/29/2022,1415.448751,163.1945688,TRUE,Saturday,FALSE
302,10/30/2022,1424.117747,202.4188082,TRUE,Sunday,FALSE
303,10/31/2022,1443.777723,268.311108,FALSE,Monday,FALSE
304,11/1/2022,1426.303842,249.3729522,FALSE,Tuesday,FALSE
305,11/2/2022,1216.127592,253.5198215,FALSE,Wednesday,FALSE
306,11/3/2022,1141.052039,288.3299469,FALSE,Thursday,FALSE
307,11/4/2022,1306.688059,473.1890109,FALSE,Friday,FALSE
308,11/5/2022,1242.536203,437.349074,TRUE,Saturday,FALSE
309,11/6/2022,1547.197244,414.870373,TRUE,Sunday,FALSE
310,11/7/2022,1628.790151,484.4057165,FALSE,Monday,FALSE
311,11/8/2022,1517.752078,523.8994581,FALSE,Tuesday,FALSE
312,11/9/2022,1433.27359,515.698643,FALSE,Wednesday,FALSE
313,11/10/2022,1286.930922,515.3414416,FALSE,Thursday,FALSE
314,11/11/2022,1353.501975,289.1643642,FALSE,Friday,FALSE
315,11/12/2022,1549.526178,180.6301152,TRUE,Saturday,FALSE
316,11/13/2022,1592.545314,200.4585891,TRUE,Sunday,FALSE
317,11/14/2022,1459.403899,240.6919973,FALSE,Monday,FALSE
318,11/15/2022,1271.534445,259.7249906,FALSE,Tuesday,FALSE
319,11/16/2022,1038.083577,246.0957084,FALSE,Wednesday,FALSE
320,11/17/2022,1277.770308,252.9098789,FALSE,Thursday,FALSE
321,11/18/2022,1077.0273,267.8547108,FALSE,Friday,FALSE
322,11/19/2022,1297.763915,155.4533795,TRUE,Saturday,FALSE
323,11/20/2022,1455.785433,242.7716183,TRUE,Sunday,FALSE
324,11/21/2022,1552.140317,219.8194786,FALSE,Monday,FALSE
325,11/22/2022,1419.207445,213.5743416,FALSE,Tuesday,FALSE
326,11/23/2022,1303.692943,284.7433262,FALSE,Wednesday,FALSE
327,11/24/2022,1068.316332,273.7498808,FALSE,Thursday,FALSE
328,11/25/2022,1138.570606,268.7235945,FALSE,Friday,FALSE
329,11/26/2022,1375.737661,348.8503653,TRUE,Saturday,FALSE
330,11/27/2022,1485.14665,329.6325968,TRUE,Sunday,FALSE
331,11/28/2022,1671.390338,373.0823689,FALSE,Monday,TRUE
332,11/29/2022,1524.121524,402.2741367,FALSE,Tuesday,FALSE
333,11/30/2022,1360.739144,229.6851487,FALSE,Wednesday,FALSE
334,12/1/2022,1275.045511,279.253592,FALSE,Thursday,FALSE
335,12/2/2022,1374.247398,245.5882786,FALSE,Friday,FALSE
336,12/3/2022,1349.898882,155.2350841,TRUE,Saturday,FALSE
337,12/4/2022,1420.026914,170.3584248,TRUE,Sunday,FALSE
338,12/5/2022,1576.431291,262.3879436,FALSE,Monday,FALSE
339,12/6/2022,1332.20292,233.0882634,FALSE,Tuesday,FALSE
340,12/7/2022,1179.831439,225.3333881,FALSE,Wednesday,FALSE
341,12/8/2022,1218.339926,257.3106163,FALSE,Thursday,FALSE
342,12/9/2022,1293.84598,257.3489971,FALSE,Friday,FALSE
343,12/10/2022,1350.522912,164.7917047,TRUE,Saturday,FALSE
344,12/11/2022,1551.415896,165.8688508,TRUE,Sunday,FALSE
345,12/12/2022,1703.874681,256.9614981,FALSE,Monday,FALSE
346,12/13/2022,1425.570447,206.5574698,FALSE,Tuesday,FALSE
347,12/14/2022,1443.903071,207.7760868,FALSE,Wednesday,FALSE
348,12/15/2022,1229.83042,228.4466734,FALSE,Thursday,FALSE
349,12/16/2022,1054.488518,243.5965854,FALSE,Friday,FALSE
350,12/17/2022,1415.105415,189.327227,TRUE,Saturday,FALSE
351,12/18/2022,1556.498051,224.2606865,TRUE,Sunday,FALSE
352,12/19/2022,1679.300553,275.7297887,FALSE,Monday,FALSE
353,12/20/2022,1491.616685,245.2018441,FALSE,Tuesday,FALSE
354,12/21/2022,1276.510651,249.4295138,FALSE,Wednesday,FALSE
355,12/22/2022,1114.739848,219.9241191,FALSE,Thursday,FALSE
356,12/23/2022,1218.693392,399.4446059,FALSE,Friday,FALSE
357,12/24/2022,1328.710113,321.3402408,TRUE,Saturday,FALSE
358,12/25/2022,1491.410599,339.6815568,TRUE,Sunday,TRUE
359,12/26/2022,1733.711554,375.1830717,FALSE,Monday,FALSE
360,12/27/2022,1667.590471,265.5803954,FALSE,Tuesday,FALSE
361,12/28/2022,1405.469958,295.9821674,FALSE,Wednesday,FALSE
362,12/29/2022,1193.766535,246.7371955,FALSE,Thursday,FALSE
363,12/30/2022,1300.313473,412.0513517,FALSE,Friday,FALSE
364,12/31/2022,1537.534557,350.7043198,TRUE,Saturday,FALSE
365,1/1/2023,1522.292648,317.9633858,TRUE,Sunday,TRUE
366,1/2/2023,1700.613616,406.7227745,FALSE,Monday,FALSE
367,1/3/2023,1569.94441,250.377772,FALSE,Tuesday,FALSE
368,1/4/2023,1315.229833,252.930283,FALSE,Wednesday,FALSE
369,1/5/2023,1377.379801,226.8097065,FALSE,Thursday,FALSE
370,1/6/2023,1263.100629,250.7353052,FALSE,Friday,FALSE
371,1/7/2023,1466.681163,194.9399487,TRUE,Saturday,FALSE
372,1/8/2023,1505.254373,223.5343082,TRUE,Sunday,FALSE
373,1/9/2023,1596.669394,278.7781248,FALSE,Monday,FALSE
374,1/10/2023,1550.204117,314.5954737,FALSE,Tuesday,FALSE
375,1/11/2023,1308.619102,226.9795731,FALSE,Wednesday,FALSE
376,1/12/2023,1403.964268,276.1696191,FALSE,Thursday,FALSE
377,1/13/2023,1296.364333,255.5002602,FALSE,Friday,FALSE
378,1/14/2023,1452.519057,245.694088,TRUE,Saturday,FALSE
379,1/15/2023,1697.437588,155.7510514,TRUE,Sunday,FALSE
380,1/16/2023,1537.97738,224.8083447,FALSE,Monday,FALSE
381,1/17/2023,1398.880476,232.0182206,FALSE,Tuesday,FALSE
382,1/18/2023,1192.556379,186.2831283,FALSE,Wednesday,FALSE
383,1/19/2023,1351.215627,234.2273493,FALSE,Thursday,FALSE
384,1/20/2023,1251.370896,227.2260202,FALSE,Friday,FALSE
385,1/21/2023,1631.456649,184.5118136,TRUE,Saturday,FALSE
386,1/22/2023,1569.139643,190.2526793,TRUE,Sunday,FALSE
387,1/23/2023,1665.797479,306.2851252,FALSE,Monday,FALSE
388,1/24/2023,1642.889292,278.5127151,FALSE,Tuesday,FALSE
389,1/25/2023,1512.212003,232.6928903,FALSE,Wednesday,FALSE
390,1/26/2023,1480.356646,223.0475599,FALSE,Thursday,FALSE
391,1/27/2023,1436.350291,264.7575751,FALSE,Friday,FALSE
392,1/28/2023,1552.756365,140.3930038,TRUE,Saturday,FALSE
393,1/29/2023,1671.075303,234.943763,TRUE,Sunday,FALSE
394,1/30/2023,1751.836279,285.3832036,FALSE,Monday,FALSE
395,1/31/2023,1464.879723,235.9247304,FALSE,Tuesday,FALSE
396,2/1/2023,1328.915762,198.6059641,FALSE,Wednesday,FALSE
397,2/2/2023,1318.361606,290.6161712,FALSE,Thursday,FALSE
398,2/3/2023,1316.150545,246.5638046,FALSE,Friday,FALSE
399,2/4/2023,1429.655715,217.1344894,TRUE,Saturday,FALSE
400,2/5/2023,1735.354614,132.1671702,TRUE,Sunday,FALSE
401,2/6/2023,1770.396346,232.0187493,FALSE,Monday,FALSE
402,2/7/2023,1577.301291,250.157311,FALSE,Tuesday,FALSE
403,2/8/2023,1466.002872,251.4094178,FALSE,Wednesday,FALSE
404,2/9/2023,1210.25503,236.4980359,FALSE,Thursday,FALSE
405,2/10/2023,1337.668974,268.685498,FALSE,Friday,FALSE
406,2/11/2023,1454.983826,147.9713871,TRUE,Saturday,FALSE
407,2/12/2023,1512.457249,175.7286154,TRUE,Sunday,FALSE
408,2/13/2023,1715.10898,253.608869,FALSE,Monday,FALSE
409,2/14/2023,1533.337842,265.433165,FALSE,Tuesday,FALSE
410,2/15/2023,1509.225613,271.3484463,FALSE,Wednesday,FALSE
411,2/16/2023,1379.084309,216.2607372,FALSE,Thursday,FALSE
412,2/17/2023,1294.327627,203.9765749,FALSE,Friday,FALSE
413,2/18/2023,1686.413335,218.3303047,TRUE,Saturday,FALSE
414,2/19/2023,1760.968397,189.9694204,TRUE,Sunday,FALSE
415,2/20/2023,1742.966272,227.5454039,FALSE,Monday,FALSE
416,2/21/2023,1580.524626,296.5345593,FALSE,Tuesday,FALSE
417,2/22/2023,1333.136885,253.470239,FALSE,Wednesday,FALSE
418,2/23/2023,1296.247811,285.3789155,FALSE,Thursday,FALSE
419,2/24/2023,1494.909159,252.0255544,FALSE,Friday,FALSE
420,2/25/2023,1690.852269,241.8224377,TRUE,Saturday,FALSE
421,2/26/2023,1840.780692,232.6602253,TRUE,Sunday,FALSE
422,2/27/2023,1698.520526,242.5310755,FALSE,Monday,FALSE
423,2/28/2023,1535.403752,279.1471285,FALSE,Tuesday,FALSE
424,3/1/2023,1458.843686,269.3612785,FALSE,Wednesday,FALSE
425,3/2/2023,1205.436593,291.0589467,FALSE,Thursday,FALSE
426,3/3/2023,1434.95391,221.0522962,FALSE,Friday,FALSE
427,3/4/2023,1549.361201,200.5815438,TRUE,Saturday,FALSE
428,3/5/2023,1694.819559,211.7527346,TRUE,Sunday,FALSE
429,3/6/2023,1602.663507,197.2378154,FALSE,Monday,FALSE
430,3/7/2023,1652.332021,214.5022446,FALSE,Tuesday,FALSE
431,3/8/2023,1403.246052,188.8230347,FALSE,Wednesday,FALSE
432,3/9/2023,1236.792997,241.917795,FALSE,Thursday,FALSE
433,3/10/2023,1150.998234,271.5262677,FALSE,Friday,FALSE
434,3/11/2023,1520.924422,225.0707116,TRUE,Saturday,FALSE
435,3/12/2023,1854.489043,182.2228434,TRUE,Sunday,FALSE
436,3/13/2023,1903.326499,298.8584664,FALSE,Monday,FALSE
437,3/14/2023,1599.080519,208.5969563,FALSE,Tuesday,FALSE
438,3/15/2023,1389.485645,198.8985268,FALSE,Wednesday,FALSE
439,3/16/2023,1438.185514,248.333569,FALSE,Thursday,FALSE
440,3/17/2023,1306.495208,261.5219635,FALSE,Friday,FALSE
441,3/18/2023,1562.248243,179.0191576,TRUE,Saturday,FALSE
442,3/19/2023,1786.581627,117.976737,TRUE,Sunday,FALSE
443,3/20/2023,1871.116432,247.3263988,FALSE,Monday,FALSE
444,3/21/2023,1608.344312,210.865915,FALSE,Tuesday,FALSE
445,3/22/2023,1390.960197,270.0901765,FALSE,Wednesday,FALSE
446,3/23/2023,1307.46378,260.9979474,FALSE,Thursday,FALSE
447,3/24/2023,1329.313111,221.8036064,FALSE,Friday,FALSE
448,3/25/2023,1570.23498,164.5839925,TRUE,Saturday,FALSE
449,3/26/2023,1769.613056,148.2235943,TRUE,Sunday,FALSE
450,3/27/2023,1829.34343,248.1196271,FALSE,Monday,FALSE
451,3/28/2023,1550.362444,278.6542696,FALSE,Tuesday,FALSE
452,3/29/2023,1551.533302,220.4282186,FALSE,Wednesday,FALSE
453,3/30/2023,1362.998752,265.1213955,FALSE,Thursday,FALSE
454,3/31/2023,1440.731381,234.0922714,FALSE,Friday,FALSE
455,4/1/2023,1504.876938,156.213815,TRUE,Saturday,FALSE
456,4/2/2023,1554.649672,176.7890892,TRUE,Sunday,FALSE
457,4/3/2023,1840.037521,218.9427303,FALSE,Monday,FALSE
458,4/4/2023,1674.019049,233.3905208,FALSE,Tuesday,FALSE
459,4/5/2023,1432.020938,214.0636632,FALSE,Wednesday,FALSE
460,4/6/2023,1377.604089,308.941754,FALSE,Thursday,FALSE
461,4/7/2023,1461.412697,251.0579066,FALSE,Friday,FALSE
462,4/8/2023,1440.479307,159.0082348,TRUE,Saturday,FALSE
463,4/9/2023,1736.99766,186.4193973,TRUE,Sunday,FALSE
464,4/10/2023,1847.268341,246.6301585,FALSE,Monday,FALSE
465,4/11/2023,1520.432321,243.370912,FALSE,Tuesday,FALSE
466,4/12/2023,1487.610961,268.425001,FALSE,Wednesday,FALSE
467,4/13/2023,1283.945838,272.7252313,FALSE,Thursday,FALSE
468,4/14/2023,1466.849827,234.0849656,FALSE,Friday,FALSE
469,4/15/2023,1598.453139,162.7254528,TRUE,Saturday,FALSE
470,4/16/2023,1631.381705,171.7484491,TRUE,Sunday,FALSE
471,4/17/2023,1869.519077,180.9423651,FALSE,Monday,FALSE
472,4/18/2023,1566.831931,204.5442681,FALSE,Tuesday,FALSE
473,4/19/2023,1392.894685,291.006228,FALSE,Wednesday,FALSE
474,4/20/2023,1371.294842,299.3490314,FALSE,Thursday,FALSE
475,4/21/2023,1500.119374,242.5289188,FALSE,Friday,FALSE
476,4/22/2023,1535.376663,197.2967089,TRUE,Saturday,FALSE
477,4/23/2023,1783.091389,189.3375046,TRUE,Sunday,FALSE
478,4/24/2023,1817.104391,342.3664243,FALSE,Monday,FALSE
479,4/25/2023,1702.986632,283.5872473,FALSE,Tuesday,FALSE
480,4/26/2023,1483.384373,246.1624723,FALSE,Wednesday,FALSE
481,4/27/2023,1423.548033,221.3337868,FALSE,Thursday,FALSE
482,4/28/2023,1390.060533,201.8066104,FALSE,Friday,FALSE
483,4/29/2023,1597.049635,186.1039091,TRUE,Saturday,FALSE
484,4/30/2023,1645.808486,157.3094776,TRUE,Sunday,FALSE
485,5/1/2023,1524.70063,207.3323887,FALSE,Monday,FALSE
486,5/2/2023,1675.603003,230.6028135,FALSE,Tuesday,FALSE
487,5/3/2023,1522.037026,217.5535599,FALSE,Wednesday,FALSE
488,5/4/2023,1182.341153,300.6142491,FALSE,Thursday,FALSE
489,5/5/2023,1343.002115,455.9249904,FALSE,Friday,FALSE
490,5/6/2023,1621.647892,359.2366185,TRUE,Saturday,FALSE
491,5/7/2023,1942.691365,403.8741219,TRUE,Sunday,FALSE
492,5/8/2023,1911.309933,431.7968469,FALSE,Monday,FALSE
493,5/9/2023,1684.909127,403.6372717,FALSE,Tuesday,FALSE
494,5/10/2023,1581.447538,679.5155293,FALSE,Wednesday,FALSE
495,5/11/2023,1614.29146,649.9891083,FALSE,Thursday,FALSE
496,5/12/2023,1474.001766,423.2286247,FALSE,Friday,FALSE
497,5/13/2023,1783.267841,378.635849,TRUE,Saturday,FALSE
498,5/14/2023,1946.842579,358.0774617,TRUE,Sunday,FALSE
499,5/15/2023,1811.34488,412.8620174,FALSE,Monday,FALSE
500,5/16/2023,1762.024442,482.1313358,FALSE,Tuesday,FALSE
501,5/17/2023,1695.839095,307.2824992,FALSE,Wednesday,FALSE
502,5/18/2023,1515.894322,208.0429728,FALSE,Thursday,FALSE
503,5/19/2023,1549.540932,266.8890771,FALSE,Friday,FALSE
504,5/20/2023,1597.321117,160.4807229,TRUE,Saturday,FALSE
505,5/21/2023,1591.892974,165.3862385,TRUE,Sunday,FALSE
506,5/22/2023,1860.963812,232.2281823,FALSE,Monday,FALSE
507,5/23/2023,1611.454636,224.0802769,FALSE,Tuesday,FALSE
508,5/24/2023,1432.034436,251.4556488,FALSE,Wednesday,FALSE
509,5/25/2023,1633.200538,225.0714965,FALSE,Thursday,FALSE
510,5/26/2023,1434.747248,258.1137048,FALSE,Friday,FALSE
511,5/27/2023,1522.841964,178.4928567,TRUE,Saturday,FALSE
512,5/28/2023,1688.74174,172.8315586,TRUE,Sunday,FALSE
513,5/29/2023,1872.482909,222.7730901,FALSE,Monday,FALSE
514,5/30/2023,1632.983253,232.6968601,FALSE,Tuesday,FALSE
515,5/31/2023,1331.188662,272.6617368,FALSE,Wednesday,FALSE
516,6/1/2023,1440.809127,265.0275156,FALSE,Thursday,FALSE
517,6/2/2023,1357.641369,220.6733427,FALSE,Friday,FALSE
518,6/3/2023,1740.535623,182.9799692,TRUE,Saturday,FALSE
519,6/4/2023,1828.080684,202.5416137,TRUE,Sunday,FALSE
520,6/5/2023,1717.103182,199.9178416,FALSE,Monday,FALSE
521,6/6/2023,1723.737186,266.3008058,FALSE,Tuesday,FALSE
522,6/7/2023,1464.046558,230.1212872,FALSE,Wednesday,FALSE
523,6/8/2023,1416.223069,267.1179601,FALSE,Thursday,FALSE
524,6/9/2023,1464.38289,227.1022253,FALSE,Friday,FALSE
525,6/10/2023,1491.69668,125.853537,TRUE,Saturday,FALSE
526,6/11/2023,1685.616696,131.1737269,TRUE,Sunday,FALSE
527,6/12/2023,1833.227845,251.4425484,FALSE,Monday,FALSE
528,6/13/2023,1554.201116,257.7916751,FALSE,Tuesday,FALSE
529,6/14/2023,1377.430334,222.8705012,FALSE,Wednesday,FALSE
530,6/15/2023,1296.356034,269.1577738,FALSE,Thursday,FALSE
531,6/16/2023,1448.164907,200.1543981,FALSE,Friday,FALSE
532,6/17/2023,1713.766643,178.017606,TRUE,Saturday,FALSE
533,6/18/2023,1646.566938,143.669514,TRUE,Sunday,FALSE
534,6/19/2023,1730.183331,230.4449168,FALSE,Monday,FALSE
535,6/20/2023,1718.784627,251.4219601,FALSE,Tuesday,FALSE
536,6/21/2023,1404.319112,224.187599,FALSE,Wednesday,FALSE
537,6/22/2023,1389.776537,238.4633337,FALSE,Thursday,FALSE
538,6/23/2023,1318.835459,280.1887843,FALSE,Friday,FALSE
539,6/24/2023,1577.147001,162.6932439,TRUE,Saturday,FALSE
540,6/25/2023,1691.868121,205.0707634,TRUE,Sunday,FALSE
541,6/26/2023,1848.374295,216.1087944,FALSE,Monday,FALSE
542,6/27/2023,1684.818988,265.8941253,FALSE,Tuesday,FALSE
543,6/28/2023,1647.881778,293.2470586,FALSE,Wednesday,FALSE
544,6/29/2023,1384.514598,175.850665,FALSE,Thursday,FALSE
545,6/30/2023,1431.709623,226.0931423,FALSE,Friday,FALSE
546,7/1/2023,1592.984933,197.3121638,TRUE,Saturday,FALSE
547,7/2/2023,1634.118795,323.9086384,TRUE,Sunday,FALSE
548,7/3/2023,1757.224772,411.1343762,FALSE,Monday,FALSE
549,7/4/2023,1580.04598,381.8804444,FALSE,Tuesday,TRUE
550,7/5/2023,1518.569574,402.5976936,FALSE,Wednesday,FALSE
551,7/6/2023,1553.638596,245.3296829,FALSE,Thursday,FALSE
552,7/7/2023,1387.787588,285.0334618,FALSE,Friday,FALSE
553,7/8/2023,1727.313491,187.6326253,TRUE,Saturday,FALSE
554,7/9/2023,1802.516269,190.1280799,TRUE,Sunday,FALSE
555,7/10/2023,1749.164812,237.643691,FALSE,Monday,FALSE
556,7/11/2023,1421.238057,235.3718133,FALSE,Tuesday,FALSE
557,7/12/2023,1369.334279,237.0232544,FALSE,Wednesday,FALSE
558,7/13/2023,1441.05477,261.8335643,FALSE,Thursday,FALSE
559,7/14/2023,1371.761884,237.3704656,FALSE,Friday,FALSE
560,7/15/2023,1450.050103,188.6932457,TRUE,Saturday,FALSE
561,7/16/2023,1659.916888,242.262024,TRUE,Sunday,FALSE
562,7/17/2023,1790.548853,276.1337411,FALSE,Monday,FALSE
563,7/18/2023,1628.689032,240.219294,FALSE,Tuesday,FALSE
564,7/19/2023,1423.497626,286.0364177,FALSE,Wednesday,FALSE
565,7/20/2023,1324.462815,237.7577388,FALSE,Thursday,FALSE
566,7/21/2023,1338.629906,188.8562639,FALSE,Friday,FALSE
567,7/22/2023,1479.134763,149.7574107,TRUE,Saturday,FALSE
568,7/23/2023,1808.666933,123.8762424,TRUE,Sunday,FALSE
569,7/24/2023,1662.050093,239.4545955,FALSE,Monday,FALSE
570,7/25/2023,1652.671436,250.5525514,FALSE,Tuesday,FALSE
571,7/26/2023,1487.064204,300.2931194,FALSE,Wednesday,FALSE
572,7/27/2023,1405.515994,259.8078212,FALSE,Thursday,FALSE
573,7/28/2023,1335.565712,243.4269841,FALSE,Friday,FALSE
574,7/29/2023,1587.783131,204.8821674,TRUE,Saturday,FALSE
575,7/30/2023,1684.815996,113.6659407,TRUE,Sunday,FALSE
576,7/31/2023,1642.451591,257.0684367,FALSE,Monday,FALSE
577,8/1/2023,1608.580032,273.1259558,FALSE,Tuesday,FALSE
578,8/2/2023,1259.258557,205.6424126,FALSE,Wednesday,FALSE
579,8/3/2023,1425.67729,284.3126213,FALSE,Thursday,FALSE
580,8/4/2023,1341.011181,260.1548922,FALSE,Friday,FALSE
581,8/5/2023,1509.429062,167.5413626,TRUE,Saturday,FALSE
582,8/6/2023,1718.863452,198.983456,TRUE,Sunday,FALSE
583,8/7/2023,1698.924966,318.1207857,FALSE,Monday,FALSE
584,8/8/2023,1602.125211,255.4559877,FALSE,Tuesday,FALSE
585,8/9/2023,1361.855887,257.4466176,FALSE,Wednesday,FALSE
586,8/10/2023,1432.190067,236.219173,FALSE,Thursday,FALSE
587,8/11/2023,1255.211088,224.5046689,FALSE,Friday,FALSE
588,8/12/2023,1529.961907,204.9100745,TRUE,Saturday,FALSE
589,8/13/2023,1818.016119,154.3174852,TRUE,Sunday,FALSE
590,8/14/2023,1613.90572,252.1469871,FALSE,Monday,FALSE
591,8/15/2023,1519.206676,235.6702766,FALSE,Tuesday,FALSE
592,8/16/2023,1410.109664,264.3693948,FALSE,Wednesday,FALSE
593,8/17/2023,1333.352801,260.0098632,FALSE,Thursday,FALSE
594,8/18/2023,1375.291189,281.1261983,FALSE,Friday,FALSE
595,8/19/2023,1559.504048,164.699508,TRUE,Saturday,FALSE
596,8/20/2023,1724.461521,171.9037519,TRUE,Sunday,FALSE
597,8/21/2023,1813.33499,220.6370885,FALSE,Monday,FALSE
598,8/22/2023,1578.888061,236.6712022,FALSE,Tuesday,FALSE
599,8/23/2023,1357.202058,261.3190148,FALSE,Wednesday,FALSE
600,8/24/2023,1350.993746,272.7096585,FALSE,Thursday,FALSE
601,8/25/2023,1497.095451,222.3350403,FALSE,Friday,FALSE
602,8/26/2023,1505.350066,206.0881776,TRUE,Saturday,FALSE
603,8/27/2023,1600.923887,220.6691358,TRUE,Sunday,FALSE
604,8/28/2023,1775.596179,262.4030471,FALSE,Monday,FALSE
605,8/29/2023,1559.215746,306.3038744,FALSE,Tuesday,FALSE
606,8/30/2023,1230.02599,226.786324,FALSE,Wednesday,FALSE
607,8/31/2023,1388.288083,212.6603589,FALSE,Thursday,FALSE
608,9/1/2023,1342.476474,196.6383925,FALSE,Friday,FALSE
609,9/2/2023,1486.590007,224.8813293,TRUE,Saturday,FALSE
610,9/3/2023,1668.181818,199.6309697,TRUE,Sunday,FALSE
611,9/4/2023,1685.795554,248.3324599,FALSE,Monday,FALSE
612,9/5/2023,1636.001049,258.3990588,FALSE,Tuesday,FALSE
613,9/6/2023,1355.681225,216.2353286,FALSE,Wednesday,FALSE
614,9/7/2023,1352.586369,323.3725594,FALSE,Thursday,FALSE
615,9/8/2023,1335.46611,253.8766355,FALSE,Friday,FALSE
616,9/9/2023,1546.462626,183.2818438,TRUE,Saturday,FALSE
617,9/10/2023,1757.323093,201.7729987,TRUE,Sunday,FALSE
618,9/11/2023,1630.295182,264.430277,FALSE,Monday,FALSE
619,9/12/2023,1641.585752,256.7165207,FALSE,Tuesday,FALSE
620,9/13/2023,1349.541854,226.2857663,FALSE,Wednesday,FALSE
621,9/14/2023,1386.647738,264.1440507,FALSE,Thursday,FALSE
622,9/15/2023,1385.604043,306.4607349,FALSE,Friday,FALSE
623,9/16/2023,1641.638916,220.3626014,TRUE,Saturday,FALSE
624,9/17/2023,1656.072081,227.7955988,TRUE,Sunday,FALSE
625,9/18/2023,1710.325865,234.6635297,FALSE,Monday,FALSE
626,9/19/2023,1577.191283,220.3118554,FALSE,Tuesday,FALSE
627,9/20/2023,1385.767051,246.2263924,FALSE,Wednesday,FALSE
628,9/21/2023,1370.328018,251.6717474,FALSE,Thursday,FALSE
629,9/22/2023,1207.464532,282.8257456,FALSE,Friday,FALSE
630,9/23/2023,1424.847455,129.2260611,TRUE,Saturday,FALSE
631,9/24/2023,1583.838271,225.8865096,TRUE,Sunday,FALSE
632,9/25/2023,1803.115112,245.259763,FALSE,Monday,FALSE
633,9/26/2023,1664.116677,237.1935679,FALSE,Tuesday,FALSE
634,9/27/2023,1403.929677,219.6368687,FALSE,Wednesday,FALSE
635,9/28/2023,1302.799762,200.3542998,FALSE,Thursday,FALSE
636,9/29/2023,1356.32358,274.6951175,FALSE,Friday,FALSE
637,9/30/2023,1590.165885,182.199539,TRUE,Saturday,FALSE
638,10/1/2023,1568.517681,141.301173,TRUE,Sunday,FALSE
639,10/2/2023,1745.722413,211.1476368,FALSE,Monday,FALSE
640,10/3/2023,1641.71534,239.926459,FALSE,Tuesday,FALSE
641,10/4/2023,1406.476991,300.0706458,FALSE,Wednesday,FALSE
642,10/5/2023,1316.067083,242.2122595,FALSE,Thursday,FALSE
643,10/6/2023,1437.712459,204.9057114,FALSE,Friday,FALSE
644,10/7/2023,1334.694188,172.6277081,TRUE,Saturday,FALSE
645,10/8/2023,1727.734764,171.8182929,TRUE,Sunday,FALSE
646,10/9/2023,1638.344204,169.0934007,FALSE,Monday,FALSE
647,10/10/2023,1417.603555,248.371154,FALSE,Tuesday,FALSE
648,10/11/2023,1431.900149,243.0719641,FALSE,Wednesday,FALSE
649,10/12/2023,1392.071011,270.8861909,FALSE,Thursday,FALSE
650,10/13/2023,1358.415712,305.4686828,FALSE,Friday,FALSE
651,10/14/2023,1599.904746,213.7969509,TRUE,Saturday,FALSE
652,10/15/2023,1826.817258,171.9333393,TRUE,Sunday,FALSE
653,10/16/2023,1863.531182,216.8042227,FALSE,Monday,FALSE
654,10/17/2023,1727.486306,327.2007941,FALSE,Tuesday,FALSE
655,10/18/2023,1458.179289,251.776553,FALSE,Wednesday,FALSE
656,10/19/2023,1324.777566,250.4178788,FALSE,Thursday,FALSE
657,10/20/2023,1296.691263,249.2762474,FALSE,Friday,FALSE
658,10/21/2023,1517.551888,185.9425428,TRUE,Saturday,FALSE
659,10/22/2023,1626.632878,175.6691876,TRUE,Sunday,FALSE
660,10/23/2023,1907.034806,232.7901398,FALSE,Monday,FALSE
661,10/24/2023,1574.439615,233.5942318,FALSE,Tuesday,FALSE
662,10/25/2023,1420.036989,249.0174019,FALSE,Wednesday,FALSE
663,10/26/2023,1381.778094,233.6972569,FALSE,Thursday,FALSE
664,10/27/2023,1381.691212,228.6146265,FALSE,Friday,FALSE
665,10/28/2023,1680.896186,183.1929068,TRUE,Saturday,FALSE
666,10/29/2023,1644.149909,172.3506835,TRUE,Sunday,FALSE
667,10/30/2023,1746.62214,295.1197897,FALSE,Monday,FALSE
668,10/31/2023,1537.742204,170.4709057,FALSE,Tuesday,FALSE
669,11/1/2023,1313.053349,282.7452056,FALSE,Wednesday,FALSE
670,11/2/2023,1336.766085,287.3825558,FALSE,Thursday,FALSE
671,11/3/2023,1348.199905,187.798293,FALSE,Friday,FALSE
672,11/4/2023,1542.200009,169.7193722,TRUE,Saturday,FALSE
673,11/5/2023,1681.974587,168.856774,TRUE,Sunday,FALSE
674,11/6/2023,1605.431597,207.7746492,FALSE,Monday,FALSE
675,11/7/2023,1593.956704,226.6654994,FALSE,Tuesday,FALSE
676,11/8/2023,1307.904856,216.6827246,FALSE,Wednesday,FALSE
677,11/9/2023,1406.000991,302.5681133,FALSE,Thursday,FALSE
678,11/10/2023,1403.541064,278.0703518,FALSE,Friday,FALSE
679,11/11/2023,1432.537091,218.1466528,TRUE,Saturday,FALSE
680,11/12/2023,1734.14351,201.6501619,TRUE,Sunday,FALSE
681,11/13/2023,1724.492319,216.1284469,FALSE,Monday,FALSE
682,11/14/2023,1667.921838,234.264392,FALSE,Tuesday,FALSE
683,11/15/2023,1568.080415,264.6812368,FALSE,Wednesday,FALSE
684,11/16/2023,1213.238053,213.3361657,FALSE,Thursday,FALSE
685,11/17/2023,1423.905213,271.3899529,FALSE,Friday,FALSE
686,11/18/2023,1578.480056,172.7902381,TRUE,Saturday,FALSE
687,11/19/2023,1772.548648,168.7553758,TRUE,Sunday,FALSE
688,11/20/2023,1811.360224,271.328799,FALSE,Monday,FALSE
689,11/21/2023,1568.809383,263.3278993,FALSE,Tuesday,FALSE
690,11/22/2023,1429.518522,347.4855868,FALSE,Wednesday,FALSE
691,11/23/2023,1346.765136,393.0944659,FALSE,Thursday,FALSE
692,11/24/2023,1532.434103,325.882672,FALSE,Friday,FALSE
693,11/25/2023,1657.024985,306.79264,TRUE,Saturday,FALSE
694,11/26/2023,1993.270167,456.1076095,TRUE,Sunday,FALSE
695,11/27/2023,1836.754702,499.0281786,FALSE,Monday,FALSE
696,11/28/2023,1667.42941,518.0985625,FALSE,Tuesday,TRUE
697,11/29/2023,1521.213894,362.4665927,FALSE,Wednesday,FALSE
698,11/30/2023,1417.792928,277.7208106,FALSE,Thursday,FALSE
699,12/1/2023,1487.579803,244.4529359,FALSE,Friday,FALSE
700,12/2/2023,1700.888058,164.3183094,TRUE,Saturday,FALSE
701,12/3/2023,1827.969519,211.4702768,TRUE,Sunday,FALSE
702,12/4/2023,1681.683773,228.8696893,FALSE,Monday,FALSE
703,12/5/2023,1725.75517,207.7461611,FALSE,Tuesday,FALSE
704,12/6/2023,1472.520874,203.3011248,FALSE,Wednesday,FALSE
705,12/7/2023,1427.428805,268.1802985,FALSE,Thursday,FALSE
706,12/8/2023,1572.909338,211.5871194,FALSE,Friday,FALSE
707,12/9/2023,1671.69116,232.6438255,TRUE,Saturday,FALSE
708,12/10/2023,1776.079843,117.5421178,TRUE,Sunday,FALSE
709,12/11/2023,1733.265731,300.893691,FALSE,Monday,FALSE
710,12/12/2023,1539.186982,256.330524,FALSE,Tuesday,FALSE
711,12/13/2023,1413.541346,247.0986066,FALSE,Wednesday,FALSE
712,12/14/2023,1458.350739,233.6524274,FALSE,Thursday,FALSE
713,12/15/2023,1410.522654,261.9740834,FALSE,Friday,FALSE
714,12/16/2023,1632.206626,178.8709589,TRUE,Saturday,FALSE
715,12/17/2023,1799.545003,213.0990565,TRUE,Sunday,FALSE
716,12/18/2023,1833.4193,253.4268295,FALSE,Monday,FALSE
717,12/19/2023,1643.742582,254.5090528,FALSE,Tuesday,FALSE
718,12/20/2023,1558.63082,239.0916336,FALSE,Wednesday,FALSE
719,12/21/2023,1498.8999,248.2916313,FALSE,Thursday,FALSE
720,12/22/2023,1418.005292,259.2340531,FALSE,Friday,FALSE
721,12/23/2023,1767.656679,278.6949482,TRUE,Saturday,FALSE
722,12/24/2023,1811.214932,289.5544373,TRUE,Sunday,FALSE
723,12/25/2023,1868.232358,422.2979228,FALSE,Monday,TRUE
724,12/26/2023,1829.290473,405.1259631,FALSE,Tuesday,FALSE
725,12/27/2023,1626.697091,244.4804999,FALSE,Wednesday,FALSE
726,12/28/2023,1658.174818,250.553018,FALSE,Thursday,FALSE
727,12/29/2023,1635.6588,260.4274512,FALSE,Friday,FALSE
728,12/30/2023,1626.123295,313.8072096,TRUE,Saturday,FALSE
729,12/31/2023,1866.499793,306.6508582,TRUE,Sunday,FALSE
730,1/1/2024,1793.07729,405.8753577,FALSE,Monday,TRUE
731,1/2/2024,1819.531113,370.6488167,FALSE,Tuesday,FALSE
732,1/3/2024,1632.79205,262.2475827,FALSE,Wednesday,FALSE
733,1/4/2024,1572.577364,198.9224919,FALSE,Thursday,FALSE
734,1/5/2024,1598.875943,280.8746691,FALSE,Friday,FALSE
735,1/6/2024,1552.383407,194.1779245,TRUE,Saturday,FALSE
736,1/7/2024,1779.848864,187.680892,TRUE,Sunday,FALSE
737,1/8/2024,1921.406269,279.4807295,FALSE,Monday,FALSE
738,1/9/2024,1768.977973,299.9642333,FALSE,Tuesday,FALSE
739,1/10/2024,1498.957334,280.431102,FALSE,Wednesday,FALSE
740,1/11/2024,1631.728066,194.7737731,FALSE,Thursday,FALSE
741,1/12/2024,1514.51079,211.612691,FALSE,Friday,FALSE
742,1/13/2024,1808.426144,161.2554427,TRUE,Saturday,FALSE
743,1/14/2024,1872.429311,180.7827315,TRUE,Sunday,FALSE
744,1/15/2024,1837.683933,265.5297706,FALSE,Monday,FALSE
745,1/16/2024,1895.382452,228.2276856,FALSE,Tuesday,FALSE
746,1/17/2024,1498.420591,255.6030029,FALSE,Wednesday,FALSE
747,1/18/2024,1612.466282,227.338512,FALSE,Thursday,FALSE
748,1/19/2024,1637.593041,231.6544659,FALSE,Friday,FALSE
749,1/20/2024,1679.053763,137.8001671,TRUE,Saturday,FALSE
750,1/21/2024,1985.864123,152.3030026,TRUE,Sunday,FALSE
751,1/22/2024,1898.017952,209.4494618,FALSE,Monday,FALSE
752,1/23/2024,1778.931185,220.7238024,FALSE,Tuesday,FALSE
753,1/24/2024,1614.134128,281.6092539,FALSE,Wednesday,FALSE
754,1/25/2024,1510.955774,221.5180333,FALSE,Thursday,FALSE
755,1/26/2024,1634.250181,328.9714619,FALSE,Friday,FALSE
756,1/27/2024,1828.050976,194.799537,TRUE,Saturday,FALSE
757,1/28/2024,1747.276854,185.5450837,TRUE,Sunday,FALSE
758,1/29/2024,2096.86066,224.2492666,FALSE,Monday,FALSE
759,1/30/2024,1673.051043,271.0092964,FALSE,Tuesday,FALSE
760,1/31/2024,1711.782695,232.7308652,FALSE,Wednesday,FALSE
761,2/1/2024,1636.549218,253.6602944,FALSE,Thursday,FALSE
762,2/2/2024,1528.015856,326.8025361,FALSE,Friday,FALSE
763,2/3/2024,1718.016816,177.118203,TRUE,Saturday,FALSE
764,2/4/2024,1833.523147,214.4781998,TRUE,Sunday,FALSE
765,2/5/2024,1989.447707,228.9047072,FALSE,Monday,FALSE
766,2/6/2024,1786.119657,248.9503453,FALSE,Tuesday,FALSE
767,2/7/2024,1724.12098,303.1240191,FALSE,Wednesday,FALSE
768,2/8/2024,1669.125519,231.1909883,FALSE,Thursday,FALSE
769,2/9/2024,1728.689774,304.3734567,FALSE,Friday,FALSE
770,2/10/2024,1763.001277,201.2325581,TRUE,Saturday,FALSE
771,2/11/2024,1906.493767,163.1259967,TRUE,Sunday,FALSE
772,2/12/2024,1873.116328,268.9722322,FALSE,Monday,FALSE
773,2/13/2024,1775.239898,279.1766335,FALSE,Tuesday,FALSE
774,2/14/2024,1722.47171,268.6542989,FALSE,Wednesday,FALSE
775,2/15/2024,1731.800261,202.8932584,FALSE,Thursday,FALSE
776,2/16/2024,1550.498075,228.1858847,FALSE,Friday,FALSE
777,2/17/2024,1753.831075,172.5744409,TRUE,Saturday,FALSE
778,2/18/2024,1917.93332,177.7669971,TRUE,Sunday,FALSE
779,2/19/2024,1998.139635,268.6201629,FALSE,Monday,FALSE
780,2/20/2024,1771.246725,255.33103,FALSE,Tuesday,FALSE
781,2/21/2024,1701.343424,209.9396692,FALSE,Wednesday,FALSE
782,2/22/2024,1577.633154,261.4059355,FALSE,Thursday,FALSE
783,2/23/2024,1646.8255,268.3175724,FALSE,Friday,FALSE
784,2/24/2024,1822.588038,196.7937134,TRUE,Saturday,FALSE
785,2/25/2024,1968.393527,212.4234218,TRUE,Sunday,FALSE
786,2/26/2024,1977.459485,275.0176646,FALSE,Monday,FALSE
787,2/27/2024,1854.178423,263.7754024,FALSE,Tuesday,FALSE
788,2/28/2024,1693.377872,247.8950287,FALSE,Wednesday,FALSE
789,2/29/2024,1601.844199,200.171172,FALSE,Thursday,FALSE
790,3/1/2024,1644.240606,262.8885466,FALSE,Friday,FALSE
791,3/2/2024,1941.27397,186.2306306,TRUE,Saturday,FALSE
792,3/3/2024,1987.561863,188.1473651,TRUE,Sunday,FALSE
793,3/4/2024,1996.847767,211.6975427,FALSE,Monday,FALSE
794,3/5/2024,1923.560937,217.5683038,FALSE,Tuesday,FALSE
795,3/6/2024,1670.191117,281.5945856,FALSE,Wednesday,FALSE
796,3/7/2024,1698.136807,248.8133454,FALSE,Thursday,FALSE
797,3/8/2024,1677.441965,270.4450209,FALSE,Friday,FALSE
798,3/9/2024,1835.483407,180.8495513,TRUE,Saturday,FALSE
799,3/10/2024,2017.970118,180.8926842,TRUE,Sunday,FALSE
800,3/11/2024,1909.441112,278.1485142,FALSE,Monday,FALSE
801,3/12/2024,1784.336166,234.5186582,FALSE,Tuesday,FALSE
802,3/13/2024,1606.740574,252.8836233,FALSE,Wednesday,FALSE
803,3/14/2024,1665.111292,236.1317413,FALSE,Thursday,FALSE
804,3/15/2024,1805.966841,236.9651132,FALSE,Friday,FALSE
805,3/16/2024,2014.475018,170.7248363,TRUE,Saturday,FALSE
806,3/17/2024,2034.521871,186.6640131,TRUE,Sunday,FALSE
807,3/18/2024,2063.827642,235.6375414,FALSE,Monday,FALSE
808,3/19/2024,1732.856711,287.6726838,FALSE,Tuesday,FALSE
809,3/20/2024,1670.642819,223.1617809,FALSE,Wednesday,FALSE
810,3/21/2024,1573.285711,244.3938507,FALSE,Thursday,FALSE
811,3/22/2024,1657.528303,236.8080683,FALSE,Friday,FALSE
812,3/23/2024,1812.422516,223.4093365,TRUE,Saturday,FALSE
813,3/24/2024,1958.201213,185.8966433,TRUE,Sunday,FALSE
814,3/25/2024,1872.651856,280.9553362,FALSE,Monday,FALSE
815,3/26/2024,1975.510751,205.4331888,FALSE,Tuesday,FALSE
816,3/27/2024,1634.698079,258.011508,FALSE,Wednesday,FALSE
817,3/28/2024,1689.354843,276.6889239,FALSE,Thursday,FALSE
818,3/29/2024,1830.289343,252.4685197,FALSE,Friday,FALSE
819,3/30/2024,1779.537303,211.9644113,TRUE,Saturday,FALSE
820,3/31/2024,1819.020257,164.4813465,TRUE,Sunday,FALSE
821,4/1/2024,2023.402782,292.2804232,FALSE,Monday,FALSE
822,4/2/2024,2002.571776,318.9669437,FALSE,Tuesday,FALSE
823,4/3/2024,1869.813023,239.1148432,FALSE,Wednesday,FALSE
824,4/4/2024,1583.915808,236.6349244,FALSE,Thursday,FALSE
825,4/5/2024,1777.28125,293.6015343,FALSE,Friday,FALSE
826,4/6/2024,1809.380279,227.3871644,TRUE,Saturday,FALSE
827,4/7/2024,1993.582827,164.3141992,TRUE,Sunday,FALSE
828,4/8/2024,2286.951163,237.3943955,FALSE,Monday,FALSE
829,4/9/2024,1807.744927,241.5464617,FALSE,Tuesday,FALSE
830,4/10/2024,1737.371398,209.6664847,FALSE,Wednesday,FALSE
831,4/11/2024,1690.584611,222.4404416,FALSE,Thursday,FALSE
832,4/12/2024,1781.571023,219.875777,FALSE,Friday,FALSE
833,4/13/2024,1840.184387,156.966073,TRUE,Saturday,FALSE
834,4/14/2024,2021.390728,178.9594534,TRUE,Sunday,FALSE
835,4/15/2024,2002.836645,257.026442,FALSE,Monday,FALSE
836,4/16/2024,1910.056581,417.1768062,FALSE,Tuesday,FALSE
837,4/17/2024,1700.997446,340.7111702,FALSE,Wednesday,FALSE
838,4/18/2024,1717.065259,400.1914634,FALSE,Thursday,FALSE
839,4/19/2024,1772.707097,364.2421261,FALSE,Friday,FALSE
840,4/20/2024,1943.129522,299.1778801,TRUE,Saturday,FALSE
841,4/21/2024,2102.845488,320.9063762,TRUE,Sunday,FALSE
842,4/22/2024,2212.46283,336.9801308,FALSE,Monday,FALSE
843,4/23/2024,1971.134782,261.4722924,FALSE,Tuesday,FALSE
844,4/24/2024,1672.974557,254.9935662,FALSE,Wednesday,FALSE
845,4/25/2024,1817.266177,264.7735379,FALSE,Thursday,FALSE
846,4/26/2024,1637.20115,258.6750593,FALSE,Friday,FALSE
847,4/27/2024,1809.843198,253.6590042,TRUE,Saturday,FALSE
848,4/28/2024,1976.704824,160.8678005,TRUE,Sunday,FALSE
849,4/29/2024,2169.22537,234.0700913,FALSE,Monday,FALSE
850,4/30/2024,1777.124,231.3057842,FALSE,Tuesday,FALSE
851,5/1/2024,1969.669607,233.3356864,FALSE,Wednesday,FALSE
852,5/2/2024,1738.720983,230.8783862,FALSE,Thursday,FALSE
853,5/3/2024,1708.904851,285.6704959,FALSE,Friday,FALSE
854,5/4/2024,1844.061738,222.6151274,TRUE,Saturday,FALSE
855,5/5/2024,2025.987736,162.8776112,TRUE,Sunday,FALSE
856,5/6/2024,2116.101222,225.0293328,FALSE,Monday,FALSE
857,5/7/2024,1979.735598,264.1424667,FALSE,Tuesday,FALSE
858,5/8/2024,1762.895486,233.4333087,FALSE,Wednesday,FALSE
859,5/9/2024,1654.396667,268.9879545,FALSE,Thursday,FALSE
860,5/10/2024,1693.207598,256.0876906,FALSE,Friday,FALSE
861,5/11/2024,1834.487623,134.5276766,TRUE,Saturday,FALSE
862,5/12/2024,2008.326958,226.425156,TRUE,Sunday,FALSE
863,5/13/2024,2145.10877,303.8763302,FALSE,Monday,FALSE
864,5/14/2024,1920.332969,231.6163393,FALSE,Tuesday,FALSE
865,5/15/2024,1518.766481,238.3689532,FALSE,Wednesday,FALSE
866,5/16/2024,1744.274033,258.5759617,FALSE,Thursday,FALSE
867,5/17/2024,1702.165421,260.0337037,FALSE,Friday,FALSE
868,5/18/2024,1845.008045,199.7563282,TRUE,Saturday,FALSE
869,5/19/2024,1983.393583,240.3061362,TRUE,Sunday,FALSE
870,5/20/2024,2143.357647,244.6915832,FALSE,Monday,FALSE
871,5/21/2024,1984.295329,226.0510827,FALSE,Tuesday,FALSE
872,5/22/2024,1696.859817,208.6204232,FALSE,Wednesday,FALSE
873,5/23/2024,1685.078051,228.0720988,FALSE,Thursday,FALSE
874,5/24/2024,1601.599087,249.0061908,FALSE,Friday,FALSE
875,5/25/2024,1714.234613,233.8367359,TRUE,Saturday,FALSE
876,5/26/2024,1941.850703,164.471661,TRUE,Sunday,FALSE
877,5/27/2024,2111.488595,256.7136385,FALSE,Monday,FALSE
878,5/28/2024,2000.748906,249.5073131,FALSE,Tuesday,FALSE
879,5/29/2024,1749.668907,285.6517982,FALSE,Wednesday,FALSE
880,5/30/2024,1713.045643,325.8079728,FALSE,Thursday,FALSE
881,5/31/2024,1729.891561,234.0739368,FALSE,Friday,FALSE
882,6/1/2024,1814.580294,165.3168167,TRUE,Saturday,FALSE
883,6/2/2024,2080.14631,211.3248263,TRUE,Sunday,FALSE
884,6/3/2024,2092.423406,270.4567447,FALSE,Monday,FALSE
885,6/4/2024,1938.476156,305.4012198,FALSE,Tuesday,FALSE
886,6/5/2024,1826.489032,267.5178456,FALSE,Wednesday,FALSE
887,6/6/2024,1714.489336,239.2212373,FALSE,Thursday,FALSE
888,6/7/2024,1744.693011,267.7196449,FALSE,Friday,FALSE
889,6/8/2024,1934.979471,213.2611074,TRUE,Saturday,FALSE
890,6/9/2024,1985.776445,204.6144654,TRUE,Sunday,FALSE
891,6/10/2024,1972.197674,265.2182209,FALSE,Monday,FALSE
892,6/11/2024,1887.938784,282.0002407,FALSE,Tuesday,FALSE
893,6/12/2024,1661.760659,285.0788677,FALSE,Wednesday,FALSE
894,6/13/2024,1594.592477,291.4647697,FALSE,Thursday,FALSE
895,6/14/2024,1684.824915,269.4612966,FALSE,Friday,FALSE
896,6/15/2024,1790.288667,174.9864576,TRUE,Saturday,FALSE
897,6/16/2024,1988.317251,184.4014106,TRUE,Sunday,FALSE
898,6/17/2024,1885.948464,286.195269,FALSE,Monday,FALSE
899,6/18/2024,1888.666339,225.4919299,FALSE,Tuesday,FALSE
900,6/19/2024,1702.846875,261.0601993,FALSE,Wednesday,FALSE
901,6/20/2024,1589.296618,238.1998356,FALSE,Thursday,FALSE
902,6/21/2024,1708.640607,250.8623447,FALSE,Friday,FALSE
903,6/22/2024,1907.648459,218.3535559,TRUE,Saturday,FALSE
904,6/23/2024,1845.717949,185.732972,TRUE,Sunday,FALSE
905,6/24/2024,1958.547039,251.3930964,FALSE,Monday,FALSE
906,6/25/2024,1829.341202,209.2043158,FALSE,Tuesday,FALSE
907,6/26/2024,1621.572864,272.387607,FALSE,Wednesday,FALSE
908,6/27/2024,1693.325906,269.3645254,FALSE,Thursday,FALSE
909,6/28/2024,1623.781119,314.8976417,FALSE,Friday,FALSE
910,6/29/2024,1811.413783,170.766653,TRUE,Saturday,FALSE
911,6/30/2024,1825.828643,186.5745098,TRUE,Sunday,FALSE
912,7/1/2024,2101.919679,257.4815105,FALSE,Monday,FALSE
913,7/2/2024,1756.267332,447.3235984,FALSE,Tuesday,FALSE
914,7/3/2024,1695.143282,397.141134,FALSE,Wednesday,FALSE
915,7/4/2024,1645.884406,408.3706458,FALSE,Thursday,TRUE
916,7/5/2024,1884.082967,418.2368953,FALSE,Friday,FALSE
917,7/6/2024,1795.794738,185.5982737,TRUE,Saturday,FALSE
918,7/7/2024,1821.058968,399.9798431,TRUE,Sunday,FALSE
919,7/8/2024,2120.885308,489.1955513,FALSE,Monday,FALSE
920,7/9/2024,2001.447908,515.581804,FALSE,Tuesday,FALSE
921,7/10/2024,1910.623659,452.5773925,FALSE,Wednesday,FALSE
922,7/11/2024,1772.631106,487.3619417,FALSE,Thursday,FALSE
923,7/12/2024,1770.013132,462.3692271,FALSE,Friday,FALSE
924,7/13/2024,1991.517447,449.2242504,TRUE,Saturday,FALSE
925,7/14/2024,2025.346761,134.3043929,TRUE,Sunday,FALSE
926,7/15/2024,2164.014854,233.2323446,FALSE,Monday,FALSE
927,7/16/2024,2049.306967,261.3163563,FALSE,Tuesday,FALSE
928,7/17/2024,1730.246999,296.9657209,FALSE,Wednesday,FALSE
929,7/18/2024,1816.425021,248.0274922,FALSE,Thursday,FALSE
930,7/19/2024,1681.597567,233.3440142,FALSE,Friday,FALSE
931,7/20/2024,1786.334287,236.4347121,TRUE,Saturday,FALSE
932,7/21/2024,1951.109241,136.559583,TRUE,Sunday,FALSE
933,7/22/2024,1840.548523,184.0358213,FALSE,Monday,FALSE
934,7/23/2024,1819.263581,263.2004335,FALSE,Tuesday,FALSE
935,7/24/2024,1607.750633,234.9383733,FALSE,Wednesday,FALSE
936,7/25/2024,1517.985427,219.3630155,FALSE,Thursday,FALSE
937,7/26/2024,1657.372968,271.2506934,FALSE,Friday,FALSE
938,7/27/2024,1717.966199,187.3140214,TRUE,Saturday,FALSE
939,7/28/2024,2019.642078,163.0776411,TRUE,Sunday,FALSE
940,7/29/2024,1998.919885,211.590868,FALSE,Monday,FALSE
941,7/30/2024,1838.793769,276.1737198,FALSE,Tuesday,FALSE
942,7/31/2024,1624.430167,269.5060353,FALSE,Wednesday,FALSE
943,8/1/2024,1583.209783,247.0247241,FALSE,Thursday,FALSE
944,8/2/2024,1713.419923,305.3991099,FALSE,Friday,FALSE
945,8/3/2024,1729.671158,147.897457,TRUE,Saturday,FALSE
946,8/4/2024,1888.54932,134.2342449,TRUE,Sunday,FALSE
947,8/5/2024,1989.840186,229.2427579,FALSE,Monday,FALSE
948,8/6/2024,1703.071061,248.6324195,FALSE,Tuesday,FALSE
949,8/7/2024,1562.777978,257.3001835,FALSE,Wednesday,FALSE
950,8/8/2024,1538.363923,242.7629183,FALSE,Thursday,FALSE
951,8/9/2024,1696.03035,260.5616619,FALSE,Friday,FALSE
952,8/10/2024,1808.033849,142.4538173,TRUE,Saturday,FALSE
953,8/11/2024,1949.561477,223.3129381,TRUE,Sunday,FALSE
954,8/12/2024,2050.865082,247.5354646,FALSE,Monday,FALSE
955,8/13/2024,1792.169804,283.5188749,FALSE,Tuesday,FALSE
956,8/14/2024,1708.818351,260.2817604,FALSE,Wednesday,FALSE
957,8/15/2024,1575.127916,263.7025966,FALSE,Thursday,FALSE
958,8/16/2024,1664.324331,267.0930184,FALSE,Friday,FALSE
959,8/17/2024,1738.419942,193.4312568,TRUE,Saturday,FALSE
960,8/18/2024,1747.896589,199.2816828,TRUE,Sunday,FALSE
961,8/19/2024,1972.477316,289.8745759,FALSE,Monday,FALSE
962,8/20/2024,1944.21972,255.8956351,FALSE,Tuesday,FALSE
963,8/21/2024,1734.062277,271.2701127,FALSE,Wednesday,FALSE
964,8/22/2024,1682.974795,247.3079292,FALSE,Thursday,FALSE
965,8/23/2024,1722.519388,293.2035165,FALSE,Friday,FALSE
966,8/24/2024,1795.989813,159.7082309,TRUE,Saturday,FALSE
967,8/25/2024,1946.372334,234.028213,TRUE,Sunday,FALSE
968,8/26/2024,1947.056347,248.7952615,FALSE,Monday,FALSE
969,8/27/2024,1782.625644,207.0767469,FALSE,Tuesday,FALSE
970,8/28/2024,1727.985123,253.8431324,FALSE,Wednesday,FALSE
971,8/29/2024,1675.483816,229.5684503,FALSE,Thursday,FALSE
972,8/30/2024,1581.428819,275.2193065,FALSE,Friday,FALSE
973,8/31/2024,1740.844105,160.4212806,TRUE,Saturday,FALSE
974,9/1/2024,1918.577145,166.614497,TRUE,Sunday,FALSE
975,9/2/2024,2032.541253,193.3137781,FALSE,Monday,FALSE
976,9/3/2024,1691.774759,236.4308104,FALSE,Tuesday,FALSE
977,9/4/2024,1453.703499,177.2836202,FALSE,Wednesday,FALSE
978,9/5/2024,1501.144704,202.4829153,FALSE,Thursday,FALSE
979,9/6/2024,1512.025874,272.8124397,FALSE,Friday,FALSE
980,9/7/2024,1689.942329,203.5740048,TRUE,Saturday,FALSE
981,9/8/2024,1890.316877,192.7637269,TRUE,Sunday,FALSE
982,9/9/2024,1946.783703,220.9907157,FALSE,Monday,FALSE
983,9/10/2024,1949.603935,248.5686593,FALSE,Tuesday,FALSE
984,9/11/2024,1679.649065,249.8919238,FALSE,Wednesday,FALSE
985,9/12/2024,1586.445341,215.2490593,FALSE,Thursday,FALSE
986,9/13/2024,1667.548668,295.1019491,FALSE,Friday,FALSE
987,9/14/2024,1684.052614,206.3208687,TRUE,Saturday,FALSE
988,9/15/2024,1994.124104,173.3710748,TRUE,Sunday,FALSE
989,9/16/2024,1991.748908,250.8065752,FALSE,Monday,FALSE
990,9/17/2024,1890.28357,256.2514842,FALSE,Tuesday,FALSE
991,9/18/2024,1557.914528,188.7479539,FALSE,Wednesday,FALSE
992,9/19/2024,1457.985151,242.5846785,FALSE,Thursday,FALSE
993,9/20/2024,1690.002564,229.5404726,FALSE,Friday,FALSE
994,9/21/2024,1770.976765,149.9513997,TRUE,Saturday,FALSE
995,9/22/2024,1857.82586,171.5669912,TRUE,Sunday,FALSE
996,9/23/2024,1891.696646,303.9305958,FALSE,Monday,FALSE
997,9/24/2024,1895.858512,269.2252858,FALSE,Tuesday,FALSE
998,9/25/2024,1550.632384,232.8646303,FALSE,Wednesday,FALSE
999,9/26/2024,1748.983735,267.1774834,FALSE,Thursday,FALSE
1000,9/27/2024,1563.921107,291.9806631,FALSE,Friday,FALSE
1001,9/28/2024,1822.226362,207.7390105,TRUE,Saturday,FALSE
1002,9/29/2024,1922.483475,181.7889111,TRUE,Sunday,FALSE
1003,9/30/2024,2051.222697,230.5918967,FALSE,Monday,FALSE
1004,10/1/2024,1801.407942,270.9466994,FALSE,Tuesday,FALSE
1005,10/2/2024,1643.542891,261.8045616,FALSE,Wednesday,FALSE
1006,10/3/2024,1581.695257,276.8557966,FALSE,Thursday,FALSE
1007,10/4/2024,1561.890947,269.0551541,FALSE,Friday,FALSE
1008,10/5/2024,1853.054543,211.4865815,TRUE,Saturday,FALSE
1009,10/6/2024,1918.999739,163.9429437,TRUE,Sunday,FALSE
1010,10/7/2024,1976.608434,289.521822,FALSE,Monday,FALSE
1011,10/8/2024,1773.528663,255.9279881,FALSE,Tuesday,FALSE
1012,10/9/2024,1446.969807,312.2578262,FALSE,Wednesday,FALSE
1013,10/10/2024,1604.80167,229.3243655,FALSE,Thursday,FALSE
1014,10/11/2024,1832.574266,302.0789141,FALSE,Friday,FALSE
1015,10/12/2024,1893.544903,185.9373235,TRUE,Saturday,FALSE
1016,10/13/2024,1936.918356,160.4574599,TRUE,Sunday,FALSE
1017,10/14/2024,2000.805318,235.483425,FALSE,Monday,FALSE
1018,10/15/2024,1846.874313,240.3895808,FALSE,Tuesday,FALSE
1019,10/16/2024,1701.168149,262.7249784,FALSE,Wednesday,FALSE
1020,10/17/2024,1500.931948,265.6850646,FALSE,Thursday,FALSE
1021,10/18/2024,1727.325778,232.7889999,FALSE,Friday,FALSE
1022,10/19/2024,1866.426507,179.2693622,TRUE,Saturday,FALSE
1023,10/20/2024,2026.069815,244.2681108,TRUE,Sunday,FALSE
1024,10/21/2024,2023.87929,301.8262951,FALSE,Monday,FALSE
1025,10/22/2024,1851.382422,263.0897101,FALSE,Tuesday,FALSE
1026,10/23/2024,1770.44789,251.1401043,FALSE,Wednesday,FALSE
1027,10/24/2024,1691.677831,253.6009398,FALSE,Thursday,FALSE
1028,10/25/2024,1632.801702,268.4055392,FALSE,Friday,FALSE
1029,10/26/2024,1765.875361,149.316223,TRUE,Saturday,FALSE
1030,10/27/2024,1979.223693,172.2787039,TRUE,Sunday,FALSE
1031,10/28/2024,2143.994393,199.9424778,FALSE,Monday,FALSE
1032,10/29/2024,1742.803767,261.9766937,FALSE,Tuesday,FALSE
1033,10/30/2024,1566.302479,269.4158782,FALSE,Wednesday,FALSE
1034,10/31/2024,1606.848926,235.5044061,FALSE,Thursday,FALSE
1035,11/1/2024,1675.178724,297.2196029,FALSE,Friday,FALSE
1036,11/2/2024,1847.430128,143.2270301,TRUE,Saturday,FALSE
1037,11/3/2024,1990.748926,136.0687536,TRUE,Sunday,FALSE
1038,11/4/2024,2030.700266,256.7335546,FALSE,Monday,FALSE
1039,11/5/2024,1968.841144,281.4129491,FALSE,Tuesday,FALSE
1040,11/6/2024,1545.455632,300.5178307,FALSE,Wednesday,FALSE
1041,11/7/2024,1573.186625,236.2334721,FALSE,Thursday,FALSE
1042,11/8/2024,1686.405065,282.360425,FALSE,Friday,FALSE
1043,11/9/2024,1732.835141,178.8447459,TRUE,Saturday,FALSE
1044,11/10/2024,1969.836271,174.821181,TRUE,Sunday,FALSE
1045,11/11/2024,2184.959189,276.5097981,FALSE,Monday,FALSE
1046,11/12/2024,1885.258219,269.5696864,FALSE,Tuesday,FALSE
1047,11/13/2024,1727.961838,202.7082353,FALSE,Wednesday,FALSE
1048,11/14/2024,1563.404812,294.2962105,FALSE,Thursday,FALSE
1049,11/15/2024,1651.293635,291.4027406,FALSE,Friday,FALSE
1050,11/16/2024,1788.786686,161.233119,TRUE,Saturday,FALSE
1051,11/17/2024,2006.67542,191.874106,TRUE,Sunday,FALSE
1052,11/18/2024,2173.498843,264.8209056,FALSE,Monday,FALSE
1053,11/19/2024,1931.283511,257.820213,FALSE,Tuesday,FALSE
1054,11/20/2024,1644.613785,233.4908454,FALSE,Wednesday,FALSE
1055,11/21/2024,1690.860369,229.851299,FALSE,Thursday,FALSE
1056,11/22/2024,1747.485746,249.2333779,FALSE,Friday,FALSE
1057,11/23/2024,1942.696186,215.1818706,TRUE,Saturday,FALSE
1058,11/24/2024,2134.215699,196.3080046,TRUE,Sunday,FALSE
1059,11/25/2024,1978.936677,238.88157,FALSE,Monday,FALSE
1060,11/26/2024,1868.776317,423.1509613,FALSE,Tuesday,FALSE
1061,11/27/2024,1650.318112,314.5437214,FALSE,Wednesday,FALSE
1062,11/28/2024,1651.711665,625.4109421,FALSE,Thursday,TRUE
1063,11/29/2024,1859.112394,538.7565578,FALSE,Friday,FALSE
1064,11/30/2024,1994.197498,360.0747429,TRUE,Saturday,FALSE
1065,12/1/2024,2254.241417,337.3578743,TRUE,Sunday,FALSE
1066,12/2/2024,2223.591117,402.1075269,FALSE,Monday,FALSE
1067,12/3/2024,2048.150585,475.7727747,FALSE,Tuesday,FALSE
1068,12/4/2024,1784.277583,426.9169351,FALSE,Wednesday,FALSE
1069,12/5/2024,1951.169038,260.3951165,FALSE,Thursday,FALSE
1070,12/6/2024,1740.500286,248.5923826,FALSE,Friday,FALSE
1071,12/7/2024,2013.246362,194.3112248,TRUE,Saturday,FALSE
1072,12/8/2024,2219.12187,182.3046567,TRUE,Sunday,FALSE
1073,12/9/2024,2091.639486,211.5102333,FALSE,Monday,FALSE
1074,12/10/2024,1937.450282,279.8880046,FALSE,Tuesday,FALSE
1075,12/11/2024,1745.64625,235.1873025,FALSE,Wednesday,FALSE
1076,12/12/2024,1671.480978,203.302543,FALSE,Thursday,FALSE
1077,12/13/2024,1877.751577,237.1565452,FALSE,Friday,FALSE
1078,12/14/2024,1722.895094,225.0227937,TRUE,Saturday,FALSE
1079,12/15/2024,2162.137205,205.5066523,TRUE,Sunday,FALSE
1080,12/16/2024,1986.868704,239.540436,FALSE,Monday,FALSE
1081,12/17/2024,1966.362651,239.5222689,FALSE,Tuesday,FALSE
1082,12/18/2024,1770.497822,240.3509485,FALSE,Wednesday,FALSE
1083,12/19/2024,1766.545367,312.3024395,FALSE,Thursday,FALSE
1084,12/20/2024,1632.637916,261.4580636,FALSE,Friday,FALSE
1085,12/21/2024,1956.749132,192.9012494,TRUE,Saturday,FALSE
1086,12/22/2024,2283.686306,210.9085036,TRUE,Sunday,FALSE
1087,12/23/2024,2023.233874,407.1636748,FALSE,Monday,FALSE
1088,12/24/2024,2000.559031,392.2287356,FALSE,Tuesday,FALSE
1089,12/25/2024,1772.116049,394.1095045,FALSE,Wednesday,TRUE
1090,12/26/2024,1871.134151,397.8519622,FALSE,Thursday,FALSE
1091,12/27/2024,1870.70015,248.8833329,FALSE,Friday,FALSE
1092,12/28/2024,1977.793002,201.8288863,TRUE,Saturday,FALSE
1093,12/29/2024,2229.203908,181.5583766,TRUE,Sunday,FALSE
1094,12/30/2024,2286.211502,271.9792023,FALSE,Monday,FALSE
1095,12/31/2024,1992.601776,247.5785026,FALSE,Tuesday,FALSE
